﻿<?xml version="1.0" encoding="utf-8"?>
<ComponentDescriptor>
  <Name>VMware.VimAutomation.Common.Commands</Name>
  <Assembly>VMware.VimAutomation.Common.Commands</Assembly>
  <ImplementingType>VMware.VimAutomation.Common.Commands.Component</ImplementingType>
  <IsSnapin>true</IsSnapin>
  <ProvidedServiceList>
  </ProvidedServiceList>
  <RequiredServiceList>
    <ServiceDescriptor>
      <Name>CommonOAuthService</Name>
      <Version>1.0</Version>
    </ServiceDescriptor>
  </RequiredServiceList>
  <ExtendedServiceList>
  </ExtendedServiceList>
  <Version>
    <Major>12</Major>
    <Minor>3</Minor>
    <Revision>0</Revision>
    <Build>17838947</Build>
    <Company>VMware Inc.</Company>
    <Copyright>Copyright 2019</Copyright>
    <UserFriendlyVersion>VMware Common PowerCLI Component 12.3 build 17838947</UserFriendlyVersion>
    <Description>Provides cmdlets for common functionality.</Description>
  </Version>
</ComponentDescriptor>