<ComponentDescriptor>
  <Name>VMware.VimAutomation.ViCore.Cmdlets</Name>
  <Assembly>VMware.VimAutomation.ViCore.Cmdlets</Assembly>
  <ImplementingType>VMware.VimAutomation.ViCore.Cmdlets.ViCoreCmdletsComponentImpl</ImplementingType>
  <IsSnapin>true</IsSnapin>
  <ProvidedServiceList>
  </ProvidedServiceList>
  <RequiredServiceList>
    <ServiceDescriptor>
      <Name>ViCoreService</Name>
      <Version>1.0</Version>
    </ServiceDescriptor>
  </RequiredServiceList>
  <ExtendedServiceList>
  </ExtendedServiceList>
  <Version>
    <Major>12</Major>
    <Minor>3</Minor>
    <Revision>0</Revision>
    <Build>17839688</Build>
    <Company>VMware Inc.</Company>
    <Copyright>Copyright 2010</Copyright>
    <UserFriendlyVersion>VMware VimAutomation VICore Commands PowerCLI Component PowerCLI Component 12.3 build 17839688</UserFriendlyVersion>
    <Description>Provides core cmdlets for managing VMware vSphere.</Description>
  </Version>
</ComponentDescriptor>