<?xml version="1.0" encoding="utf-8"?>
<helpItems schema="maml" xmlns="http://msh">
  <command:command xmlns:maml="http://schemas.microsoft.com/maml/2004/10" xmlns:command="http://schemas.microsoft.com/maml/dev/command/2004/10" xmlns:dev="http://schemas.microsoft.com/maml/dev/2004/10" xmlns:MSHelp="http://msdn.microsoft.com/mshelp">
    <command:details>
      <command:name>Connect-CisServer</command:name>
      <command:verb>Connect</command:verb>
      <command:noun>CisServer</command:noun>
      <maml:description>
        <maml:para>This cmdlet establishes a connection to a vSphere Automation SDK server.</maml:para>
      </maml:description>
    </command:details>
    <maml:description>
      <maml:para>This cmdlet establishes a connection to the vSphere Automation SDK server specified by the -Server parameter.</maml:para>
      <maml:para>The connect and disconnect operations for a server are using a reference counting mechanism. Every server is identified by its connection string which contains server, user name, and port. If there is already an existing connection to the server for a specific user name and port, a new connection is not established. Instead, the cmdlet returns the object which represents the existing connection. The RefCount property of the object is incremented by one. Note that the returned object is the same as the one previously returned. Therefore, the RefCount of the previously returned object will be updated as well. When a server is disconnected, then its RefCount property is decreased by one. If this number becomes equal to zero, then the server is disconnected.</maml:para>
      <maml:para>PowerCLI for vSphere Automation SDK supports a list of default servers. When an operation is performed, if the target servers cannot be determined from the specified parameters, the cmdlet runs against the servers in the default server list. They are kept in a global variable called $DefaultCisServers. It is of an array type and its initial value is an empty array. When you connect to a server, the server is added at the beginning of the array, unless -NotDefault parameter is specified. When you disconnect from a server, the server is removed from the $DefaultCisServers variable. When all servers are removed from the variable its value is an empty array. You can modify the value of the $DefaultCisServers variable manually.</maml:para>
    </maml:description>
    <command:syntax>
      <command:syntaxItem>
        <maml:name>Connect-CisServer</maml:name>
        <command:parameter required="true" variableLength="true" globbing="false" pipelineInput="False" position="1" aliases="none">
          <maml:name>Server</maml:name>
          <maml:Description>
            <maml:para>Specifies the IP or DNS addresses of the vSphere Automation SDK servers you want to connect to.</maml:para>
          </maml:Description>
          <command:parameterValue required="true" variableLength="false">String[]</command:parameterValue>
          <dev:type>
            <maml:name>String[]</maml:name>
            <maml:uri />
          </dev:type>
          <dev:defaultValue>None</dev:defaultValue>
        </command:parameter>
        <command:parameter required="true" variableLength="true" globbing="false" pipelineInput="False" position="named" aliases="none">
          <maml:name>Credential</maml:name>
          <maml:Description>
            <maml:para>Specifies a PSCredential object that contains credentials for authenticating with the server. For more information about the server authentication logic of PowerCLI, run "help about_server_authentication".</maml:para>
          </maml:Description>
          <command:parameterValue required="true" variableLength="false">PSCredential</command:parameterValue>
          <dev:type>
            <maml:name>PSCredential</maml:name>
            <maml:uri />
          </dev:type>
          <dev:defaultValue>None</dev:defaultValue>
        </command:parameter>
        <command:parameter required="false" variableLength="true" globbing="false" pipelineInput="False" position="named" aliases="none">
          <maml:name>Force</maml:name>
          <maml:Description>
            <maml:para>Suppresses all user interface prompts during the cmdlet execution. Currently, these include 'Multiple default servers' and 'Invalid certificate action'.</maml:para>
          </maml:Description>
          <dev:type>
            <maml:name>SwitchParameter</maml:name>
            <maml:uri />
          </dev:type>
          <dev:defaultValue>False</dev:defaultValue>
        </command:parameter>
        <command:parameter required="false" variableLength="true" globbing="false" pipelineInput="False" position="named" aliases="none">
          <maml:name>NotDefault</maml:name>
          <maml:Description>
            <maml:para>Specifies that you do not want to save the specified servers as default servers.</maml:para>
          </maml:Description>
          <dev:type>
            <maml:name>SwitchParameter</maml:name>
            <maml:uri />
          </dev:type>
          <dev:defaultValue>False</dev:defaultValue>
        </command:parameter>
        <command:parameter required="false" variableLength="true" globbing="false" pipelineInput="False" position="named" aliases="none">
          <maml:name>Port</maml:name>
          <maml:Description>
            <maml:para>Specifies the port on the server you want to use for the connection.</maml:para>
          </maml:Description>
          <command:parameterValue required="true" variableLength="false">Int32</command:parameterValue>
          <dev:type>
            <maml:name>Int32</maml:name>
            <maml:uri />
          </dev:type>
          <dev:defaultValue>None</dev:defaultValue>
        </command:parameter>
        <command:parameter required="false" variableLength="true" globbing="false" pipelineInput="False" position="named" aliases="none">
          <maml:name>SaveCredentials</maml:name>
          <maml:Description>
            <maml:para>Indicates that you want to save the specified credentials in the local credential store.</maml:para>
          </maml:Description>
          <dev:type>
            <maml:name>SwitchParameter</maml:name>
            <maml:uri />
          </dev:type>
          <dev:defaultValue>False</dev:defaultValue>
        </command:parameter>
      </command:syntaxItem>
      <command:syntaxItem>
        <maml:name>Connect-CisServer</maml:name>
        <command:parameter required="true" variableLength="true" globbing="false" pipelineInput="False" position="1" aliases="none">
          <maml:name>Server</maml:name>
          <maml:Description>
            <maml:para>Specifies the IP or DNS addresses of the vSphere Automation SDK servers you want to connect to.</maml:para>
          </maml:Description>
          <command:parameterValue required="true" variableLength="false">String[]</command:parameterValue>
          <dev:type>
            <maml:name>String[]</maml:name>
            <maml:uri />
          </dev:type>
          <dev:defaultValue>None</dev:defaultValue>
        </command:parameter>
        <command:parameter required="false" variableLength="true" globbing="false" pipelineInput="False" position="named" aliases="none">
          <maml:name>Force</maml:name>
          <maml:Description>
            <maml:para>Suppresses all user interface prompts during the cmdlet execution. Currently, these include 'Multiple default servers' and 'Invalid certificate action'.</maml:para>
          </maml:Description>
          <dev:type>
            <maml:name>SwitchParameter</maml:name>
            <maml:uri />
          </dev:type>
          <dev:defaultValue>False</dev:defaultValue>
        </command:parameter>
        <command:parameter required="false" variableLength="true" globbing="false" pipelineInput="False" position="named" aliases="none">
          <maml:name>NotDefault</maml:name>
          <maml:Description>
            <maml:para>Specifies that you do not want to save the specified servers as default servers.</maml:para>
          </maml:Description>
          <dev:type>
            <maml:name>SwitchParameter</maml:name>
            <maml:uri />
          </dev:type>
          <dev:defaultValue>False</dev:defaultValue>
        </command:parameter>
        <command:parameter required="false" variableLength="true" globbing="false" pipelineInput="False" position="named" aliases="none">
          <maml:name>Password</maml:name>
          <maml:Description>
            <maml:para>Specifies the password you want to use for authenticating with the server. If the Credential parameter is also specified, this parameter is ignored. For more information about the server authentication logic of PowerCLI, run "help about_server_authentication".</maml:para>
            <maml:para>Note: If the password contains special characters, enclose the entire string in single quotes (').</maml:para>
          </maml:Description>
          <command:parameterValue required="true" variableLength="false">SecureString</command:parameterValue>
          <dev:type>
            <maml:name>SecureString</maml:name>
            <maml:uri />
          </dev:type>
          <dev:defaultValue>None</dev:defaultValue>
        </command:parameter>
        <command:parameter required="false" variableLength="true" globbing="false" pipelineInput="False" position="named" aliases="none">
          <maml:name>Port</maml:name>
          <maml:Description>
            <maml:para>Specifies the port on the server you want to use for the connection.</maml:para>
          </maml:Description>
          <command:parameterValue required="true" variableLength="false">Int32</command:parameterValue>
          <dev:type>
            <maml:name>Int32</maml:name>
            <maml:uri />
          </dev:type>
          <dev:defaultValue>None</dev:defaultValue>
        </command:parameter>
        <command:parameter required="false" variableLength="true" globbing="false" pipelineInput="False" position="named" aliases="none">
          <maml:name>SaveCredentials</maml:name>
          <maml:Description>
            <maml:para>Indicates that you want to save the specified credentials in the local credential store.</maml:para>
          </maml:Description>
          <dev:type>
            <maml:name>SwitchParameter</maml:name>
            <maml:uri />
          </dev:type>
          <dev:defaultValue>False</dev:defaultValue>
        </command:parameter>
        <command:parameter required="false" variableLength="true" globbing="false" pipelineInput="False" position="named" aliases="Username">
          <maml:name>User</maml:name>
          <maml:Description>
            <maml:para>Specifies the user name you want to use for authenticating with the server. If the Credential parameter is also specified, this parameter is ignored. For more information about the server authentication logic of PowerCLI, run "help about_server_authentication".</maml:para>
            <maml:para>Note: If the user name contains special characters, enclose the entire string in single quotes (').</maml:para>
          </maml:Description>
          <command:parameterValue required="true" variableLength="false">String</command:parameterValue>
          <dev:type>
            <maml:name>String</maml:name>
            <maml:uri />
          </dev:type>
          <dev:defaultValue>None</dev:defaultValue>
        </command:parameter>
      </command:syntaxItem>
      <command:syntaxItem>
        <maml:name>Connect-CisServer</maml:name>
        <command:parameter required="true" variableLength="true" globbing="false" pipelineInput="False" position="1" aliases="none">
          <maml:name>Server</maml:name>
          <maml:Description>
            <maml:para>Specifies the IP or DNS addresses of the vSphere Automation SDK servers you want to connect to.</maml:para>
          </maml:Description>
          <command:parameterValue required="true" variableLength="false">String[]</command:parameterValue>
          <dev:type>
            <maml:name>String[]</maml:name>
            <maml:uri />
          </dev:type>
          <dev:defaultValue>None</dev:defaultValue>
        </command:parameter>
        <command:parameter required="false" variableLength="true" globbing="false" pipelineInput="False" position="named" aliases="none">
          <maml:name>Force</maml:name>
          <maml:Description>
            <maml:para>Suppresses all user interface prompts during the cmdlet execution. Currently, these include 'Multiple default servers' and 'Invalid certificate action'.</maml:para>
          </maml:Description>
          <dev:type>
            <maml:name>SwitchParameter</maml:name>
            <maml:uri />
          </dev:type>
          <dev:defaultValue>False</dev:defaultValue>
        </command:parameter>
        <command:parameter required="false" variableLength="true" globbing="false" pipelineInput="False" position="named" aliases="none">
          <maml:name>NotDefault</maml:name>
          <maml:Description>
            <maml:para>Specifies that you do not want to save the specified servers as default servers.</maml:para>
          </maml:Description>
          <dev:type>
            <maml:name>SwitchParameter</maml:name>
            <maml:uri />
          </dev:type>
          <dev:defaultValue>False</dev:defaultValue>
        </command:parameter>
        <command:parameter required="false" variableLength="true" globbing="false" pipelineInput="False" position="named" aliases="none">
          <maml:name>Port</maml:name>
          <maml:Description>
            <maml:para>Specifies the port on the server you want to use for the connection.</maml:para>
          </maml:Description>
          <command:parameterValue required="true" variableLength="false">Int32</command:parameterValue>
          <dev:type>
            <maml:name>Int32</maml:name>
            <maml:uri />
          </dev:type>
          <dev:defaultValue>None</dev:defaultValue>
        </command:parameter>
        <command:parameter required="true" variableLength="true" globbing="false" pipelineInput="False" position="named" aliases="none">
          <maml:name>SessionSecret</maml:name>
          <maml:Description>
            <maml:para>Specifies the ID of an existing vSphere Automation SDK session you want to reestablish.</maml:para>
          </maml:Description>
          <command:parameterValue required="true" variableLength="false">String</command:parameterValue>
          <dev:type>
            <maml:name>String</maml:name>
            <maml:uri />
          </dev:type>
          <dev:defaultValue>None</dev:defaultValue>
        </command:parameter>
      </command:syntaxItem>
      <command:syntaxItem>
        <maml:name>Connect-CisServer</maml:name>
        <command:parameter required="true" variableLength="true" globbing="false" pipelineInput="False" position="1" aliases="none">
          <maml:name>Server</maml:name>
          <maml:Description>
            <maml:para>Specifies the IP or DNS addresses of the vSphere Automation SDK servers you want to connect to.</maml:para>
          </maml:Description>
          <command:parameterValue required="true" variableLength="false">String[]</command:parameterValue>
          <dev:type>
            <maml:name>String[]</maml:name>
            <maml:uri />
          </dev:type>
          <dev:defaultValue>None</dev:defaultValue>
        </command:parameter>
        <command:parameter required="false" variableLength="true" globbing="false" pipelineInput="False" position="named" aliases="none">
          <maml:name>Force</maml:name>
          <maml:Description>
            <maml:para>Suppresses all user interface prompts during the cmdlet execution. Currently, these include 'Multiple default servers' and 'Invalid certificate action'.</maml:para>
          </maml:Description>
          <dev:type>
            <maml:name>SwitchParameter</maml:name>
            <maml:uri />
          </dev:type>
          <dev:defaultValue>False</dev:defaultValue>
        </command:parameter>
        <command:parameter required="false" variableLength="true" globbing="false" pipelineInput="False" position="named" aliases="none">
          <maml:name>NotDefault</maml:name>
          <maml:Description>
            <maml:para>Specifies that you do not want to save the specified servers as default servers.</maml:para>
          </maml:Description>
          <dev:type>
            <maml:name>SwitchParameter</maml:name>
            <maml:uri />
          </dev:type>
          <dev:defaultValue>False</dev:defaultValue>
        </command:parameter>
        <command:parameter required="false" variableLength="true" globbing="false" pipelineInput="False" position="named" aliases="none">
          <maml:name>Port</maml:name>
          <maml:Description>
            <maml:para>Specifies the port on the server you want to use for the connection.</maml:para>
          </maml:Description>
          <command:parameterValue required="true" variableLength="false">Int32</command:parameterValue>
          <dev:type>
            <maml:name>Int32</maml:name>
            <maml:uri />
          </dev:type>
          <dev:defaultValue>None</dev:defaultValue>
        </command:parameter>
        <command:parameter required="true" variableLength="true" globbing="false" pipelineInput="True (ByValue)" position="named" aliases="none">
          <maml:name>SamlSecurityContext</maml:name>
          <maml:Description>
            <maml:para>Specifies the SAML2 security context for the vCenter Server system. For more information about security contexts, see the about_security_context (about_security_context.html)article.</maml:para>
          </maml:Description>
          <command:parameterValue required="true" variableLength="false">SamlSecurityContext</command:parameterValue>
          <dev:type>
            <maml:name>SamlSecurityContext</maml:name>
            <maml:uri />
          </dev:type>
          <dev:defaultValue>None</dev:defaultValue>
        </command:parameter>
      </command:syntaxItem>
      <command:syntaxItem>
        <maml:name>Connect-CisServer</maml:name>
        <command:parameter required="true" variableLength="true" globbing="false" pipelineInput="False" position="named" aliases="none">
          <maml:name>Menu</maml:name>
          <maml:Description>
            <maml:para>Indicates that you want to select a connection server from a list of recently connected servers. If Menu is set to $true, the cmdlet retrieves a list of the last visited servers and enters a nested command prompt, so that you can select a server from the list.</maml:para>
          </maml:Description>
          <dev:type>
            <maml:name>SwitchParameter</maml:name>
            <maml:uri />
          </dev:type>
          <dev:defaultValue>False</dev:defaultValue>
        </command:parameter>
      </command:syntaxItem>
    </command:syntax>
    <command:parameters>
      <command:parameter required="true" variableLength="true" globbing="false" pipelineInput="False" position="named" aliases="none">
        <maml:name>Credential</maml:name>
        <maml:Description>
          <maml:para>Specifies a PSCredential object that contains credentials for authenticating with the server. For more information about the server authentication logic of PowerCLI, run "help about_server_authentication".</maml:para>
        </maml:Description>
        <command:parameterValue required="true" variableLength="false">PSCredential</command:parameterValue>
        <dev:type>
          <maml:name>PSCredential</maml:name>
          <maml:uri />
        </dev:type>
        <dev:defaultValue>None</dev:defaultValue>
      </command:parameter>
      <command:parameter required="false" variableLength="true" globbing="false" pipelineInput="False" position="named" aliases="none">
        <maml:name>Force</maml:name>
        <maml:Description>
          <maml:para>Suppresses all user interface prompts during the cmdlet execution. Currently, these include 'Multiple default servers' and 'Invalid certificate action'.</maml:para>
        </maml:Description>
        <command:parameterValue required="false" variableLength="false">SwitchParameter</command:parameterValue>
        <dev:type>
          <maml:name>SwitchParameter</maml:name>
          <maml:uri />
        </dev:type>
        <dev:defaultValue>False</dev:defaultValue>
      </command:parameter>
      <command:parameter required="true" variableLength="true" globbing="false" pipelineInput="False" position="named" aliases="none">
        <maml:name>Menu</maml:name>
        <maml:Description>
          <maml:para>Indicates that you want to select a connection server from a list of recently connected servers. If Menu is set to $true, the cmdlet retrieves a list of the last visited servers and enters a nested command prompt, so that you can select a server from the list.</maml:para>
        </maml:Description>
        <command:parameterValue required="false" variableLength="false">SwitchParameter</command:parameterValue>
        <dev:type>
          <maml:name>SwitchParameter</maml:name>
          <maml:uri />
        </dev:type>
        <dev:defaultValue>False</dev:defaultValue>
      </command:parameter>
      <command:parameter required="false" variableLength="true" globbing="false" pipelineInput="False" position="named" aliases="none">
        <maml:name>NotDefault</maml:name>
        <maml:Description>
          <maml:para>Specifies that you do not want to save the specified servers as default servers.</maml:para>
        </maml:Description>
        <command:parameterValue required="false" variableLength="false">SwitchParameter</command:parameterValue>
        <dev:type>
          <maml:name>SwitchParameter</maml:name>
          <maml:uri />
        </dev:type>
        <dev:defaultValue>False</dev:defaultValue>
      </command:parameter>
      <command:parameter required="false" variableLength="true" globbing="false" pipelineInput="False" position="named" aliases="none">
        <maml:name>Password</maml:name>
        <maml:Description>
          <maml:para>Specifies the password you want to use for authenticating with the server. If the Credential parameter is also specified, this parameter is ignored. For more information about the server authentication logic of PowerCLI, run "help about_server_authentication".</maml:para>
          <maml:para>Note: If the password contains special characters, enclose the entire string in single quotes (').</maml:para>
        </maml:Description>
        <command:parameterValue required="true" variableLength="false">SecureString</command:parameterValue>
        <dev:type>
          <maml:name>SecureString</maml:name>
          <maml:uri />
        </dev:type>
        <dev:defaultValue>None</dev:defaultValue>
      </command:parameter>
      <command:parameter required="false" variableLength="true" globbing="false" pipelineInput="False" position="named" aliases="none">
        <maml:name>Port</maml:name>
        <maml:Description>
          <maml:para>Specifies the port on the server you want to use for the connection.</maml:para>
        </maml:Description>
        <command:parameterValue required="true" variableLength="false">Int32</command:parameterValue>
        <dev:type>
          <maml:name>Int32</maml:name>
          <maml:uri />
        </dev:type>
        <dev:defaultValue>None</dev:defaultValue>
      </command:parameter>
      <command:parameter required="true" variableLength="true" globbing="false" pipelineInput="True (ByValue)" position="named" aliases="none">
        <maml:name>SamlSecurityContext</maml:name>
        <maml:Description>
          <maml:para>Specifies the SAML2 security context for the vCenter Server system. For more information about security contexts, see the about_security_context (about_security_context.html)article.</maml:para>
        </maml:Description>
        <command:parameterValue required="true" variableLength="false">SamlSecurityContext</command:parameterValue>
        <dev:type>
          <maml:name>SamlSecurityContext</maml:name>
          <maml:uri />
        </dev:type>
        <dev:defaultValue>None</dev:defaultValue>
      </command:parameter>
      <command:parameter required="false" variableLength="true" globbing="false" pipelineInput="False" position="named" aliases="none">
        <maml:name>SaveCredentials</maml:name>
        <maml:Description>
          <maml:para>Indicates that you want to save the specified credentials in the local credential store.</maml:para>
        </maml:Description>
        <command:parameterValue required="false" variableLength="false">SwitchParameter</command:parameterValue>
        <dev:type>
          <maml:name>SwitchParameter</maml:name>
          <maml:uri />
        </dev:type>
        <dev:defaultValue>False</dev:defaultValue>
      </command:parameter>
      <command:parameter required="true" variableLength="true" globbing="false" pipelineInput="False" position="1" aliases="none">
        <maml:name>Server</maml:name>
        <maml:Description>
          <maml:para>Specifies the IP or DNS addresses of the vSphere Automation SDK servers you want to connect to.</maml:para>
        </maml:Description>
        <command:parameterValue required="true" variableLength="false">String[]</command:parameterValue>
        <dev:type>
          <maml:name>String[]</maml:name>
          <maml:uri />
        </dev:type>
        <dev:defaultValue>None</dev:defaultValue>
      </command:parameter>
      <command:parameter required="true" variableLength="true" globbing="false" pipelineInput="False" position="named" aliases="none">
        <maml:name>SessionSecret</maml:name>
        <maml:Description>
          <maml:para>Specifies the ID of an existing vSphere Automation SDK session you want to reestablish.</maml:para>
        </maml:Description>
        <command:parameterValue required="true" variableLength="false">String</command:parameterValue>
        <dev:type>
          <maml:name>String</maml:name>
          <maml:uri />
        </dev:type>
        <dev:defaultValue>None</dev:defaultValue>
      </command:parameter>
      <command:parameter required="false" variableLength="true" globbing="false" pipelineInput="False" position="named" aliases="Username">
        <maml:name>User</maml:name>
        <maml:Description>
          <maml:para>Specifies the user name you want to use for authenticating with the server. If the Credential parameter is also specified, this parameter is ignored. For more information about the server authentication logic of PowerCLI, run "help about_server_authentication".</maml:para>
          <maml:para>Note: If the user name contains special characters, enclose the entire string in single quotes (').</maml:para>
        </maml:Description>
        <command:parameterValue required="true" variableLength="false">String</command:parameterValue>
        <dev:type>
          <maml:name>String</maml:name>
          <maml:uri />
        </dev:type>
        <dev:defaultValue>None</dev:defaultValue>
      </command:parameter>
    </command:parameters>
    <command:inputTypes />
    <command:returnValues>
      <command:returnValue>
        <dev:type>
          <maml:name>CisServer</maml:name>
        </dev:type>
        <maml:description>
          <maml:para></maml:para>
        </maml:description>
      </command:returnValue>
    </command:returnValues>
    <maml:alertSet>
      <maml:alert>
        <maml:para></maml:para>
      </maml:alert>
    </maml:alertSet>
    <command:examples>
      <command:example>
        <maml:title>-------------------------- Example 1 --------------------------</maml:title>
        <dev:code>Connect-CisServer -Server $serverAddress -User $user -Password $pass</dev:code>
        <dev:remarks>
          <maml:para>Connects to a vSphere Automation SDK server by using the User and Password parameters.</maml:para>
        </dev:remarks>
      </command:example>
      <command:example>
        <maml:title>-------------------------- Example 2 --------------------------</maml:title>
        <dev:code>$credential = Get-Credential
Connect-CisServer -Server $serverAddress -Credential $credential</dev:code>
        <dev:remarks>
          <maml:para>Connects to a vSphere Automation SDK server by using the Credential parameter.</maml:para>
        </dev:remarks>
      </command:example>
      <command:example>
        <maml:title>-------------------------- Example 3 --------------------------</maml:title>
        <dev:code>$serverConnection = Connect-CisServer -Server $serverAddress -User $user -Password $pass
Connect-CisServer -Server $serverAddress -SessionSecret $serverConnection.SessionSecret</dev:code>
        <dev:remarks>
          <maml:para>Connects to a vSphere Automation SDK server by using the SessionSecret parameter.</maml:para>
        </dev:remarks>
      </command:example>
      <command:example>
        <maml:title>-------------------------- Example 4 --------------------------</maml:title>
        <dev:code>Connect-CisServer -Server $serverAddress -Credential -User $user -Password $pass -SaveCredential</dev:code>
        <dev:remarks>
          <maml:para>Connects to a vSphere Automation SDK server and stores the credentials in the credential store.</maml:para>
        </dev:remarks>
      </command:example>
      <command:example>
        <maml:title>-------------------------- Example 5 --------------------------</maml:title>
        <dev:code>Connect-CisServer -Server $serverAddress -User $user</dev:code>
        <dev:remarks>
          <maml:para>Connects to a vSphere Automation SDK server when a record for the specified user is available in the credential store.</maml:para>
        </dev:remarks>
      </command:example>
      <command:example>
        <maml:title>-------------------------- Example 6 --------------------------</maml:title>
        <dev:code>$oauthCtx = New-VcsOAuthSecurityContext -ApiToken "a3f35067-80b5-44f0-a0bc-e19f2bc17fb7"
$samlCtx = New-VISamlSecurityContext -VCenterServer $serverAddress -OAuthSecurityContext $oauthCtx
Connect-CisServer -Server $serverAddress -SamlSecurityContext $samlCtx</dev:code>
        <dev:remarks>
          <maml:para>Connects to a vSphere Automation SDK server that runs in a VMware managed cloud using an API token from the VMware Cloud Services portal.</maml:para>
        </dev:remarks>
      </command:example>
    </command:examples>
    <command:relatedLinks>
      <maml:navigationLink>
        <maml:linkText>Online Version:</maml:linkText>
        <maml:uri>http://developer.vmware.com/docs/powercli/latest/vmware.vimautomation.cis.core/commands/connect-cisserver</maml:uri>
      </maml:navigationLink>
      <maml:navigationLink>
        <maml:linkText>Disconnect-CisServer</maml:linkText>
        <maml:uri></maml:uri>
      </maml:navigationLink>
    </command:relatedLinks>
  </command:command>
  <command:command xmlns:maml="http://schemas.microsoft.com/maml/2004/10" xmlns:command="http://schemas.microsoft.com/maml/dev/command/2004/10" xmlns:dev="http://schemas.microsoft.com/maml/dev/2004/10" xmlns:MSHelp="http://msdn.microsoft.com/mshelp">
    <command:details>
      <command:name>Disconnect-CisServer</command:name>
      <command:verb>Disconnect</command:verb>
      <command:noun>CisServer</command:noun>
      <maml:description>
        <maml:para>This cmdlet closes the connection to one or more vSphere Automation SDK servers.</maml:para>
      </maml:description>
    </command:details>
    <maml:description>
      <maml:para>This cmdlet closes the connection to one or more vSphere Automation SDK servers.</maml:para>
      <maml:para>When no servers and no user name are specified, and if there is only one connected server in $DefaultCisServers variable, this server is disconnected. If there is no connected server, the cmdlet throws a terminating error.</maml:para>
      <maml:para>This functionality is using the reference counting mechanism. For more information about the mechanism, see Connect-CisServer.</maml:para>
      <maml:para>When there are no more active connections to the server it gets disconnected and then it is removed from the $DefaultCisServers variable. For more information about this variable, see Connect-CisServer.</maml:para>
      <maml:para>If -Force is specified, the server is disconnected even if there is more than one connection to it.</maml:para>
    </maml:description>
    <command:syntax>
      <command:syntaxItem>
        <maml:name>Disconnect-CisServer</maml:name>
        <command:parameter required="false" variableLength="true" globbing="true" pipelineInput="True (ByValue)" position="1" aliases="none">
          <maml:name>Server</maml:name>
          <maml:Description>
            <maml:para>Specifies the vSphere Automation SDK servers you want to disconnect from.</maml:para>
          </maml:Description>
          <command:parameterValue required="true" variableLength="false">CisServer[]</command:parameterValue>
          <dev:type>
            <maml:name>CisServer[]</maml:name>
            <maml:uri />
          </dev:type>
          <dev:defaultValue>None</dev:defaultValue>
        </command:parameter>
        <command:parameter required="false" variableLength="true" globbing="false" pipelineInput="False" position="named" aliases="none">
          <maml:name>Force</maml:name>
          <maml:Description>
            <maml:para>Specifies that you want to remove all existing connections to the specified servers.</maml:para>
          </maml:Description>
          <dev:type>
            <maml:name>SwitchParameter</maml:name>
            <maml:uri />
          </dev:type>
          <dev:defaultValue>False</dev:defaultValue>
        </command:parameter>
        <command:parameter required="false" variableLength="true" globbing="false" pipelineInput="False" position="named" aliases="cf">
          <maml:name>Confirm</maml:name>
          <maml:Description>
            <maml:para>If the value is $true, indicates that the cmdlet asks for confirmation before running. If the value is $false, the cmdlet runs without asking for user confirmation.</maml:para>
          </maml:Description>
          <dev:type>
            <maml:name>SwitchParameter</maml:name>
            <maml:uri />
          </dev:type>
          <dev:defaultValue>False</dev:defaultValue>
        </command:parameter>
        <command:parameter required="false" variableLength="true" globbing="false" pipelineInput="False" position="named" aliases="wi">
          <maml:name>WhatIf</maml:name>
          <maml:Description>
            <maml:para>Indicates that the cmdlet is run only to display the changes that would be made and actually no objects are modified.</maml:para>
          </maml:Description>
          <dev:type>
            <maml:name>SwitchParameter</maml:name>
            <maml:uri />
          </dev:type>
          <dev:defaultValue>False</dev:defaultValue>
        </command:parameter>
      </command:syntaxItem>
    </command:syntax>
    <command:parameters>
      <command:parameter required="false" variableLength="true" globbing="false" pipelineInput="False" position="named" aliases="none">
        <maml:name>Force</maml:name>
        <maml:Description>
          <maml:para>Specifies that you want to remove all existing connections to the specified servers.</maml:para>
        </maml:Description>
        <command:parameterValue required="false" variableLength="false">SwitchParameter</command:parameterValue>
        <dev:type>
          <maml:name>SwitchParameter</maml:name>
          <maml:uri />
        </dev:type>
        <dev:defaultValue>False</dev:defaultValue>
      </command:parameter>
      <command:parameter required="false" variableLength="true" globbing="true" pipelineInput="True (ByValue)" position="1" aliases="none">
        <maml:name>Server</maml:name>
        <maml:Description>
          <maml:para>Specifies the vSphere Automation SDK servers you want to disconnect from.</maml:para>
        </maml:Description>
        <command:parameterValue required="true" variableLength="false">CisServer[]</command:parameterValue>
        <dev:type>
          <maml:name>CisServer[]</maml:name>
          <maml:uri />
        </dev:type>
        <dev:defaultValue>None</dev:defaultValue>
      </command:parameter>
      <command:parameter required="false" variableLength="true" globbing="false" pipelineInput="False" position="named" aliases="cf">
        <maml:name>Confirm</maml:name>
        <maml:Description>
          <maml:para>If the value is $true, indicates that the cmdlet asks for confirmation before running. If the value is $false, the cmdlet runs without asking for user confirmation.</maml:para>
        </maml:Description>
        <command:parameterValue required="false" variableLength="false">SwitchParameter</command:parameterValue>
        <dev:type>
          <maml:name>SwitchParameter</maml:name>
          <maml:uri />
        </dev:type>
        <dev:defaultValue>False</dev:defaultValue>
      </command:parameter>
      <command:parameter required="false" variableLength="true" globbing="false" pipelineInput="False" position="named" aliases="wi">
        <maml:name>WhatIf</maml:name>
        <maml:Description>
          <maml:para>Indicates that the cmdlet is run only to display the changes that would be made and actually no objects are modified.</maml:para>
        </maml:Description>
        <command:parameterValue required="false" variableLength="false">SwitchParameter</command:parameterValue>
        <dev:type>
          <maml:name>SwitchParameter</maml:name>
          <maml:uri />
        </dev:type>
        <dev:defaultValue>False</dev:defaultValue>
      </command:parameter>
    </command:parameters>
    <command:inputTypes />
    <command:returnValues>
      <command:returnValue>
        <dev:type>
          <maml:name>None</maml:name>
        </dev:type>
        <maml:description>
          <maml:para></maml:para>
        </maml:description>
      </command:returnValue>
    </command:returnValues>
    <maml:alertSet>
      <maml:alert>
        <maml:para></maml:para>
      </maml:alert>
    </maml:alertSet>
    <command:examples>
      <command:example>
        <maml:title>-------------------------- Example 1 --------------------------</maml:title>
        <dev:code>$server = Connect-CisServer -Server 'server_name' -User 'user@domain' -Password 'user_password'
Disconnect-CisServer $server -Confirm:$false</dev:code>
        <dev:remarks>
          <maml:para>Disconnects the specified vSphere Automation SDK server without asking for confirmation.</maml:para>
        </dev:remarks>
      </command:example>
      <command:example>
        <maml:title>-------------------------- Example 2 --------------------------</maml:title>
        <dev:code>Connect-CisServer -Server 'server_name' -User 'user@domain' -Password 'user_password'
Connect-CisServer -Server 'server2_name' -User 'user@domain' -Password 'user_password'
Disconnect-CisServer * -Confirm:$false</dev:code>
        <dev:remarks>
          <maml:para>Disconnects all connected vSphere Automation SDK servers without asking for confirmation.</maml:para>
        </dev:remarks>
      </command:example>
    </command:examples>
    <command:relatedLinks>
      <maml:navigationLink>
        <maml:linkText>Online Version:</maml:linkText>
        <maml:uri>http://developer.vmware.com/docs/powercli/latest/vmware.vimautomation.cis.core/commands/disconnect-cisserver</maml:uri>
      </maml:navigationLink>
      <maml:navigationLink>
        <maml:linkText>Connect-CisServer</maml:linkText>
        <maml:uri></maml:uri>
      </maml:navigationLink>
    </command:relatedLinks>
  </command:command>
  <command:command xmlns:maml="http://schemas.microsoft.com/maml/2004/10" xmlns:command="http://schemas.microsoft.com/maml/dev/command/2004/10" xmlns:dev="http://schemas.microsoft.com/maml/dev/2004/10" xmlns:MSHelp="http://msdn.microsoft.com/mshelp">
    <command:details>
      <command:name>Get-CisCommand</command:name>
      <command:verb>Get</command:verb>
      <command:noun>CisCommand</command:noun>
      <maml:description>
        <maml:para>This function retrieves all commands of the VMware.VimAutomation.Cis.Core module.</maml:para>
      </maml:description>
    </command:details>
    <maml:description>
      <maml:para>This function retrieves all commands of the VMware.VimAutomation.Cis.Core module, including cmdlets, aliases, and functions.</maml:para>
    </maml:description>
    <command:syntax>
      <command:syntaxItem>
        <maml:name>Get-CisCommand</maml:name>
        <command:parameter required="false" variableLength="true" globbing="false" pipelineInput="False" position="1" aliases="none">
          <maml:name>Name</maml:name>
          <maml:Description>
            <maml:para>Specifies the name of the command you want to retrieve.</maml:para>
          </maml:Description>
          <command:parameterValue required="true" variableLength="false">String</command:parameterValue>
          <dev:type>
            <maml:name>String</maml:name>
            <maml:uri />
          </dev:type>
          <dev:defaultValue>*</dev:defaultValue>
        </command:parameter>
      </command:syntaxItem>
    </command:syntax>
    <command:parameters>
      <command:parameter required="false" variableLength="true" globbing="false" pipelineInput="False" position="1" aliases="none">
        <maml:name>Name</maml:name>
        <maml:Description>
          <maml:para>Specifies the name of the command you want to retrieve.</maml:para>
        </maml:Description>
        <command:parameterValue required="true" variableLength="false">String</command:parameterValue>
        <dev:type>
          <maml:name>String</maml:name>
          <maml:uri />
        </dev:type>
        <dev:defaultValue>*</dev:defaultValue>
      </command:parameter>
    </command:parameters>
    <command:inputTypes />
    <command:returnValues />
    <maml:alertSet>
      <maml:alert>
        <maml:para></maml:para>
      </maml:alert>
    </maml:alertSet>
    <command:examples>
      <command:example>
        <maml:title>-------------------------- Example 1 --------------------------</maml:title>
        <dev:code>PS C:\&gt; {{ Add example code here }}</dev:code>
        <dev:remarks>
          <maml:para>{{ Add example description here }}</maml:para>
        </dev:remarks>
      </command:example>
    </command:examples>
    <command:relatedLinks />
  </command:command>
  <command:command xmlns:maml="http://schemas.microsoft.com/maml/2004/10" xmlns:command="http://schemas.microsoft.com/maml/dev/command/2004/10" xmlns:dev="http://schemas.microsoft.com/maml/dev/2004/10" xmlns:MSHelp="http://msdn.microsoft.com/mshelp">
    <command:details>
      <command:name>Get-CisService</command:name>
      <command:verb>Get</command:verb>
      <command:noun>CisService</command:noun>
      <maml:description>
        <maml:para>This cmdlet retrieves PSObject objects that represent a proxy to a vSphere Automation SDK API service and can be used to invoke the operations of that vSphere Automation SDK API service.</maml:para>
      </maml:description>
    </command:details>
    <maml:description>
      <maml:para>This cmdlet retrieves PSObject objects that represent a proxy to a vSphere Automation SDK API service and can be used to invoke the operations of that vSphere Automation SDK API service. The cmdlet  returns one PSObject object for every service available on the vSphere Automation SDK server.</maml:para>
      <maml:para>Every service proxy has a top-level Help property that contains documentation about the service's methods, parameters, constants, and so on. The Help object is hierarchical and mirrors the rest of the service's methods, parameters, constants, and so on. The Help object can also be used for easy creation of parameters that the service methods accept through a method named "Create". </maml:para>
      <maml:para>The "Create" method is available for the following objects:  - A parameter.</maml:para>
      <maml:para>- Elements of a parameter that is of type List, Set or Optional.</maml:para>
      <maml:para>- Key and Value of a parameter of type Map.</maml:para>
      <maml:para>- Fields of a parameter of type Structure. </maml:para>
      <maml:para>For more information, see Example 2.</maml:para>
    </maml:description>
    <command:syntax>
      <command:syntaxItem>
        <maml:name>Get-CisService</maml:name>
        <command:parameter required="false" variableLength="true" globbing="true" pipelineInput="False" position="1" aliases="none">
          <maml:name>Name</maml:name>
          <maml:Description>
            <maml:para>Specifies the service type ID.</maml:para>
          </maml:Description>
          <command:parameterValue required="true" variableLength="false">String[]</command:parameterValue>
          <dev:type>
            <maml:name>String[]</maml:name>
            <maml:uri />
          </dev:type>
          <dev:defaultValue>None</dev:defaultValue>
        </command:parameter>
        <command:parameter required="false" variableLength="true" globbing="false" pipelineInput="False" position="named" aliases="none">
          <maml:name>Server</maml:name>
          <maml:Description>
            <maml:para>Specifies the vSphere Automation SDK servers on which you want to run the cmdlet. If no value is provided or $null value is passed to this parameter, the command runs on the default servers. For more information about default servers, see the description of Connect-CisServer.</maml:para>
          </maml:Description>
          <command:parameterValue required="true" variableLength="false">CisServer[]</command:parameterValue>
          <dev:type>
            <maml:name>CisServer[]</maml:name>
            <maml:uri />
          </dev:type>
          <dev:defaultValue>None</dev:defaultValue>
        </command:parameter>
      </command:syntaxItem>
    </command:syntax>
    <command:parameters>
      <command:parameter required="false" variableLength="true" globbing="true" pipelineInput="False" position="1" aliases="none">
        <maml:name>Name</maml:name>
        <maml:Description>
          <maml:para>Specifies the service type ID.</maml:para>
        </maml:Description>
        <command:parameterValue required="true" variableLength="false">String[]</command:parameterValue>
        <dev:type>
          <maml:name>String[]</maml:name>
          <maml:uri />
        </dev:type>
        <dev:defaultValue>None</dev:defaultValue>
      </command:parameter>
      <command:parameter required="false" variableLength="true" globbing="false" pipelineInput="False" position="named" aliases="none">
        <maml:name>Server</maml:name>
        <maml:Description>
          <maml:para>Specifies the vSphere Automation SDK servers on which you want to run the cmdlet. If no value is provided or $null value is passed to this parameter, the command runs on the default servers. For more information about default servers, see the description of Connect-CisServer.</maml:para>
        </maml:Description>
        <command:parameterValue required="true" variableLength="false">CisServer[]</command:parameterValue>
        <dev:type>
          <maml:name>CisServer[]</maml:name>
          <maml:uri />
        </dev:type>
        <dev:defaultValue>None</dev:defaultValue>
      </command:parameter>
    </command:parameters>
    <command:inputTypes />
    <command:returnValues>
      <command:returnValue>
        <dev:type>
          <maml:name>One or more PSObject objects</maml:name>
        </dev:type>
        <maml:description>
          <maml:para></maml:para>
        </maml:description>
      </command:returnValue>
    </command:returnValues>
    <maml:alertSet>
      <maml:alert>
        <maml:para></maml:para>
      </maml:alert>
    </maml:alertSet>
    <command:examples>
      <command:example>
        <maml:title>-------------------------- Example 1 --------------------------</maml:title>
        <dev:code>Get-CisService -Name 'com.vmware.cis.tagging.tag'</dev:code>
        <dev:remarks>
          <maml:para>Retrieves the binding for the specified service.</maml:para>
        </dev:remarks>
      </command:example>
      <command:example>
        <maml:title>-------------------------- Example 2 --------------------------</maml:title>
        <dev:code># Connect to the vSphere Automation SDK API 
Connect-CisServer -Server $serverAddress -User $user -Password $pass 

# Get the service for VM management 
$vmService = Get-CisService com.vmware.vcenter.VM 

# Create a VM creation specification 
$createSpec = $vmService.Help.create.spec.Create() 

# Fill in the creation details 
$createSpec.name = "ExampleVM" 
$createSpec.guest_OS = "WINDOWS_7_64" 

# Create a placement specification 
$createSpec.placement = $vmService.Help.create.spec.placement.Create() 

# Fill in the placement details 
$createSpec.placement.folder = (Get-Folder vm).ExtensionData.MoRef.Value 
$createSpec.placement.host = (Get-VMHost)[0].ExtensionData.MoRef.Value 
$createSpec.placement.datastore = (Get-Datastore)[0].ExtensionData.MoRef.Value 

# Call the create method passing the specification 
$vmService.create( $createSpec )</dev:code>
        <dev:remarks>
          <maml:para>Connects to a vSphere Automation SDK server, retrieves the service for virtual machine management, and  creates a virtual machine, based on the provided creation details by passing the specification to the create method.</maml:para>
        </dev:remarks>
      </command:example>
    </command:examples>
    <command:relatedLinks>
      <maml:navigationLink>
        <maml:linkText>Online Version:</maml:linkText>
        <maml:uri>http://developer.vmware.com/docs/powercli/latest/vmware.vimautomation.cis.core/commands/get-cisservice</maml:uri>
      </maml:navigationLink>
    </command:relatedLinks>
  </command:command>
</helpItems>
